verse,qalqala_ahad_v1,qalqala_samad,qalqala_yalid,qalqala_yulad,qalqala_ahad_v4,damma_kufuwan,qalqalah_source,word_ending_with_daal
1,0,-1,-1,-1,-1,-1,qalqala_ahad_v1,ahad_v1
1,0,-1,-1,-1,-1,-1,qalqala_ahad_v1,ahad_v1
1,0,-1,-1,-1,-1,-1,qalqala_ahad_v1,ahad_v1
1,0,-1,-1,-1,-1,-1,qalqala_ahad_v1,ahad_v1
1,0,-1,-1,-1,-1,-1,qalqala_ahad_v1,ahad_v1
1,0,-1,-1,-1,-1,-1,qalqala_ahad_v1,ahad_v1
1,0,-1,-1,-1,-1,-1,qalqala_ahad_v1,ahad_v1
1,0,-1,-1,-1,-1,-1,qalqala_ahad_v1,ahad_v1
1,0,-1,-1,-1,-1,-1,qalqala_ahad_v1,ahad_v1
1,0,-1,-1,-1,-1,-1,qalqala_ahad_v1,ahad_v1
1,0,-1,-1,-1,-1,-1,qalqala_ahad_v1,ahad_v1
1,0,-1,-1,-1,-1,-1,qalqala_ahad_v1,ahad_v1
1,0,-1,-1,-1,-1,-1,qalqala_ahad_v1,ahad_v1
1,0,-1,-1,-1,-1,-1,qalqala_ahad_v1,ahad_v1
1,0,-1,-1,-1,-1,-1,qalqala_ahad_v1,ahad_v1
1,0,-1,-1,-1,-1,-1,qalqala_ahad_v1,ahad_v1
1,0,-1,-1,-1,-1,-1,qalqala_ahad_v1,ahad_v1
1,0,-1,-1,-1,-1,-1,qalqala_ahad_v1,ahad_v1
1,0,-1,-1,-1,-1,-1,qalqala_ahad_v1,ahad_v1
1,0,-1,-1,-1,-1,-1,qalqala_ahad_v1,ahad_v1
1,0,-1,-1,-1,-1,-1,qalqala_ahad_v1,ahad_v1
1,0,-1,-1,-1,-1,-1,qalqala_ahad_v1,ahad_v1
1,0,-1,-1,-1,-1,-1,qalqala_ahad_v1,ahad_v1
1,0,-1,-1,-1,-1,-1,qalqala_ahad_v1,ahad_v1
1,0,-1,-1,-1,-1,-1,qalqala_ahad_v1,ahad_v1
1,0,-1,-1,-1,-1,-1,qalqala_ahad_v1,ahad_v1
1,0,-1,-1,-1,-1,-1,qalqala_ahad_v1,ahad_v1
1,0,-1,-1,-1,-1,-1,qalqala_ahad_v1,ahad_v1
1,0,-1,-1,-1,-1,-1,qalqala_ahad_v1,ahad_v1
1,0,-1,-1,-1,-1,-1,qalqala_ahad_v1,ahad_v1
1,0,-1,-1,-1,-1,-1,qalqala_ahad_v1,ahad_v1
1,0,-1,-1,-1,-1,-1,qalqala_ahad_v1,ahad_v1
1,0,-1,-1,-1,-1,-1,qalqala_ahad_v1,ahad_v1
1,0,-1,-1,-1,-1,-1,qalqala_ahad_v1,ahad_v1
1,0,-1,-1,-1,-1,-1,qalqala_ahad_v1,ahad_v1
1,0,-1,-1,-1,-1,-1,qalqala_ahad_v1,ahad_v1
1,0,-1,-1,-1,-1,-1,qalqala_ahad_v1,ahad_v1
1,0,-1,-1,-1,-1,-1,qalqala_ahad_v1,ahad_v1
1,0,-1,-1,-1,-1,-1,qalqala_ahad_v1,ahad_v1
1,0,-1,-1,-1,-1,-1,qalqala_ahad_v1,ahad_v1
1,0,-1,-1,-1,-1,-1,qalqala_ahad_v1,ahad_v1
1,0,-1,-1,-1,-1,-1,qalqala_ahad_v1,ahad_v1
1,0,-1,-1,-1,-1,-1,qalqala_ahad_v1,ahad_v1
1,0,-1,-1,-1,-1,-1,qalqala_ahad_v1,ahad_v1
1,0,-1,-1,-1,-1,-1,qalqala_ahad_v1,ahad_v1
1,0,-1,-1,-1,-1,-1,qalqala_ahad_v1,ahad_v1
1,0,-1,-1,-1,-1,-1,qalqala_ahad_v1,ahad_v1
1,0,-1,-1,-1,-1,-1,qalqala_ahad_v1,ahad_v1
1,0,-1,-1,-1,-1,-1,qalqala_ahad_v1,ahad_v1
1,0,-1,-1,-1,-1,-1,qalqala_ahad_v1,ahad_v1
1,0,-1,-1,-1,-1,-1,qalqala_ahad_v1,ahad_v1
1,0,-1,-1,-1,-1,-1,qalqala_ahad_v1,ahad_v1
1,0,-1,-1,-1,-1,-1,qalqala_ahad_v1,ahad_v1
1,0,-1,-1,-1,-1,-1,qalqala_ahad_v1,ahad_v1
1,0,-1,-1,-1,-1,-1,qalqala_ahad_v1,ahad_v1
1,0,-1,-1,-1,-1,-1,qalqala_ahad_v1,ahad_v1
1,0,-1,-1,-1,-1,-1,qalqala_ahad_v1,ahad_v1
1,0,-1,-1,-1,-1,-1,qalqala_ahad_v1,ahad_v1
1,0,-1,-1,-1,-1,-1,qalqala_ahad_v1,ahad_v1
1,0,-1,-1,-1,-1,-1,qalqala_ahad_v1,ahad_v1
1,0,-1,-1,-1,-1,-1,qalqala_ahad_v1,ahad_v1
1,0,-1,-1,-1,-1,-1,qalqala_ahad_v1,ahad_v1
1,0,-1,-1,-1,-1,-1,qalqala_ahad_v1,ahad_v1
1,0,-1,-1,-1,-1,-1,qalqala_ahad_v1,ahad_v1
1,0,-1,-1,-1,-1,-1,qalqala_ahad_v1,ahad_v1
1,0,-1,-1,-1,-1,-1,qalqala_ahad_v1,ahad_v1
1,0,-1,-1,-1,-1,-1,qalqala_ahad_v1,ahad_v1
1,0,-1,-1,-1,-1,-1,qalqala_ahad_v1,ahad_v1
1,0,-1,-1,-1,-1,-1,qalqala_ahad_v1,ahad_v1
1,0,-1,-1,-1,-1,-1,qalqala_ahad_v1,ahad_v1
1,0,-1,-1,-1,-1,-1,qalqala_ahad_v1,ahad_v1
1,0,-1,-1,-1,-1,-1,qalqala_ahad_v1,ahad_v1
1,0,-1,-1,-1,-1,-1,qalqala_ahad_v1,ahad_v1
1,0,-1,-1,-1,-1,-1,qalqala_ahad_v1,ahad_v1
1,0,-1,-1,-1,-1,-1,qalqala_ahad_v1,ahad_v1
1,0,-1,-1,-1,-1,-1,qalqala_ahad_v1,ahad_v1
1,0,-1,-1,-1,-1,-1,qalqala_ahad_v1,ahad_v1
1,0,-1,-1,-1,-1,-1,qalqala_ahad_v1,ahad_v1
1,0,-1,-1,-1,-1,-1,qalqala_ahad_v1,ahad_v1
1,0,-1,-1,-1,-1,-1,qalqala_ahad_v1,ahad_v1
1,0,-1,-1,-1,-1,-1,qalqala_ahad_v1,ahad_v1
1,0,-1,-1,-1,-1,-1,qalqala_ahad_v1,ahad_v1
1,0,-1,-1,-1,-1,-1,qalqala_ahad_v1,ahad_v1
1,0,-1,-1,-1,-1,-1,qalqala_ahad_v1,ahad_v1
1,0,-1,-1,-1,-1,-1,qalqala_ahad_v1,ahad_v1
1,0,-1,-1,-1,-1,-1,qalqala_ahad_v1,ahad_v1
1,0,-1,-1,-1,-1,-1,qalqala_ahad_v1,ahad_v1
1,0,-1,-1,-1,-1,-1,qalqala_ahad_v1,ahad_v1
1,0,-1,-1,-1,-1,-1,qalqala_ahad_v1,ahad_v1
1,0,-1,-1,-1,-1,-1,qalqala_ahad_v1,ahad_v1
1,0,-1,-1,-1,-1,-1,qalqala_ahad_v1,ahad_v1
1,0,-1,-1,-1,-1,-1,qalqala_ahad_v1,ahad_v1
1,0,-1,-1,-1,-1,-1,qalqala_ahad_v1,ahad_v1
1,0,-1,-1,-1,-1,-1,qalqala_ahad_v1,ahad_v1
1,0,-1,-1,-1,-1,-1,qalqala_ahad_v1,ahad_v1
1,0,-1,-1,-1,-1,-1,qalqala_ahad_v1,ahad_v1
1,0,-1,-1,-1,-1,-1,qalqala_ahad_v1,ahad_v1
1,0,-1,-1,-1,-1,-1,qalqala_ahad_v1,ahad_v1
1,0,-1,-1,-1,-1,-1,qalqala_ahad_v1,ahad_v1
1,0,-1,-1,-1,-1,-1,qalqala_ahad_v1,ahad_v1
1,0,-1,-1,-1,-1,-1,qalqala_ahad_v1,ahad_v1
1,0,-1,-1,-1,-1,-1,qalqala_ahad_v1,ahad_v1
1,0,-1,-1,-1,-1,-1,qalqala_ahad_v1,ahad_v1
1,0,-1,-1,-1,-1,-1,qalqala_ahad_v1,ahad_v1
1,0,-1,-1,-1,-1,-1,qalqala_ahad_v1,ahad_v1
1,0,-1,-1,-1,-1,-1,qalqala_ahad_v1,ahad_v1
1,0,-1,-1,-1,-1,-1,qalqala_ahad_v1,ahad_v1
1,0,-1,-1,-1,-1,-1,qalqala_ahad_v1,ahad_v1
1,0,-1,-1,-1,-1,-1,qalqala_ahad_v1,ahad_v1
1,0,-1,-1,-1,-1,-1,qalqala_ahad_v1,ahad_v1
1,0,-1,-1,-1,-1,-1,qalqala_ahad_v1,ahad_v1
1,0,-1,-1,-1,-1,-1,qalqala_ahad_v1,ahad_v1
1,0,-1,-1,-1,-1,-1,qalqala_ahad_v1,ahad_v1
1,0,-1,-1,-1,-1,-1,qalqala_ahad_v1,ahad_v1
1,0,-1,-1,-1,-1,-1,qalqala_ahad_v1,ahad_v1
1,0,-1,-1,-1,-1,-1,qalqala_ahad_v1,ahad_v1
1,0,-1,-1,-1,-1,-1,qalqala_ahad_v1,ahad_v1
1,0,-1,-1,-1,-1,-1,qalqala_ahad_v1,ahad_v1
1,0,-1,-1,-1,-1,-1,qalqala_ahad_v1,ahad_v1
1,0,-1,-1,-1,-1,-1,qalqala_ahad_v1,ahad_v1
1,0,-1,-1,-1,-1,-1,qalqala_ahad_v1,ahad_v1
1,0,-1,-1,-1,-1,-1,qalqala_ahad_v1,ahad_v1
1,0,-1,-1,-1,-1,-1,qalqala_ahad_v1,ahad_v1
1,0,-1,-1,-1,-1,-1,qalqala_ahad_v1,ahad_v1
1,0,-1,-1,-1,-1,-1,qalqala_ahad_v1,ahad_v1
1,0,-1,-1,-1,-1,-1,qalqala_ahad_v1,ahad_v1
1,0,-1,-1,-1,-1,-1,qalqala_ahad_v1,ahad_v1
1,0,-1,-1,-1,-1,-1,qalqala_ahad_v1,ahad_v1
1,0,-1,-1,-1,-1,-1,qalqala_ahad_v1,ahad_v1
1,0,-1,-1,-1,-1,-1,qalqala_ahad_v1,ahad_v1
1,0,-1,-1,-1,-1,-1,qalqala_ahad_v1,ahad_v1
1,0,-1,-1,-1,-1,-1,qalqala_ahad_v1,ahad_v1
1,0,-1,-1,-1,-1,-1,qalqala_ahad_v1,ahad_v1
1,0,-1,-1,-1,-1,-1,qalqala_ahad_v1,ahad_v1
1,0,-1,-1,-1,-1,-1,qalqala_ahad_v1,ahad_v1
1,0,-1,-1,-1,-1,-1,qalqala_ahad_v1,ahad_v1
1,0,-1,-1,-1,-1,-1,qalqala_ahad_v1,ahad_v1
1,0,-1,-1,-1,-1,-1,qalqala_ahad_v1,ahad_v1
1,0,-1,-1,-1,-1,-1,qalqala_ahad_v1,ahad_v1
1,0,-1,-1,-1,-1,-1,qalqala_ahad_v1,ahad_v1
1,0,-1,-1,-1,-1,-1,qalqala_ahad_v1,ahad_v1
1,0,-1,-1,-1,-1,-1,qalqala_ahad_v1,ahad_v1
1,0,-1,-1,-1,-1,-1,qalqala_ahad_v1,ahad_v1
1,0,-1,-1,-1,-1,-1,qalqala_ahad_v1,ahad_v1
1,0,-1,-1,-1,-1,-1,qalqala_ahad_v1,ahad_v1
1,0,-1,-1,-1,-1,-1,qalqala_ahad_v1,ahad_v1
1,0,-1,-1,-1,-1,-1,qalqala_ahad_v1,ahad_v1
1,0,-1,-1,-1,-1,-1,qalqala_ahad_v1,ahad_v1
1,0,-1,-1,-1,-1,-1,qalqala_ahad_v1,ahad_v1
1,0,-1,-1,-1,-1,-1,qalqala_ahad_v1,ahad_v1
1,0,-1,-1,-1,-1,-1,qalqala_ahad_v1,ahad_v1
1,0,-1,-1,-1,-1,-1,qalqala_ahad_v1,ahad_v1
1,0,-1,-1,-1,-1,-1,qalqala_ahad_v1,ahad_v1
1,0,-1,-1,-1,-1,-1,qalqala_ahad_v1,ahad_v1
1,0,-1,-1,-1,-1,-1,qalqala_ahad_v1,ahad_v1
1,0,-1,-1,-1,-1,-1,qalqala_ahad_v1,ahad_v1
1,0,-1,-1,-1,-1,-1,qalqala_ahad_v1,ahad_v1
1,0,-1,-1,-1,-1,-1,qalqala_ahad_v1,ahad_v1
1,0,-1,-1,-1,-1,-1,qalqala_ahad_v1,ahad_v1
1,0,-1,-1,-1,-1,-1,qalqala_ahad_v1,ahad_v1
1,0,-1,-1,-1,-1,-1,qalqala_ahad_v1,ahad_v1
1,0,-1,-1,-1,-1,-1,qalqala_ahad_v1,ahad_v1
1,0,-1,-1,-1,-1,-1,qalqala_ahad_v1,ahad_v1
1,0,-1,-1,-1,-1,-1,qalqala_ahad_v1,ahad_v1
1,0,-1,-1,-1,-1,-1,qalqala_ahad_v1,ahad_v1
1,0,-1,-1,-1,-1,-1,qalqala_ahad_v1,ahad_v1
1,0,-1,-1,-1,-1,-1,qalqala_ahad_v1,ahad_v1
1,0,-1,-1,-1,-1,-1,qalqala_ahad_v1,ahad_v1
1,0,-1,-1,-1,-1,-1,qalqala_ahad_v1,ahad_v1
1,0,-1,-1,-1,-1,-1,qalqala_ahad_v1,ahad_v1
1,0,-1,-1,-1,-1,-1,qalqala_ahad_v1,ahad_v1
1,0,-1,-1,-1,-1,-1,qalqala_ahad_v1,ahad_v1
1,0,-1,-1,-1,-1,-1,qalqala_ahad_v1,ahad_v1
1,0,-1,-1,-1,-1,-1,qalqala_ahad_v1,ahad_v1
1,0,-1,-1,-1,-1,-1,qalqala_ahad_v1,ahad_v1
1,0,-1,-1,-1,-1,-1,qalqala_ahad_v1,ahad_v1
1,0,-1,-1,-1,-1,-1,qalqala_ahad_v1,ahad_v1
1,0,-1,-1,-1,-1,-1,qalqala_ahad_v1,ahad_v1
1,0,-1,-1,-1,-1,-1,qalqala_ahad_v1,ahad_v1
1,0,-1,-1,-1,-1,-1,qalqala_ahad_v1,ahad_v1
2,-1,0,-1,-1,-1,-1,qalqala_samad,samad
2,-1,0,-1,-1,-1,-1,qalqala_samad,samad
2,-1,0,-1,-1,-1,-1,qalqala_samad,samad
2,-1,0,-1,-1,-1,-1,qalqala_samad,samad
2,-1,0,-1,-1,-1,-1,qalqala_samad,samad
2,-1,0,-1,-1,-1,-1,qalqala_samad,samad
2,-1,0,-1,-1,-1,-1,qalqala_samad,samad
2,-1,0,-1,-1,-1,-1,qalqala_samad,samad
2,-1,0,-1,-1,-1,-1,qalqala_samad,samad
2,-1,0,-1,-1,-1,-1,qalqala_samad,samad
2,-1,0,-1,-1,-1,-1,qalqala_samad,samad
2,-1,0,-1,-1,-1,-1,qalqala_samad,samad
2,-1,0,-1,-1,-1,-1,qalqala_samad,samad
2,-1,0,-1,-1,-1,-1,qalqala_samad,samad
2,-1,0,-1,-1,-1,-1,qalqala_samad,samad
2,-1,0,-1,-1,-1,-1,qalqala_samad,samad
2,-1,0,-1,-1,-1,-1,qalqala_samad,samad
2,-1,0,-1,-1,-1,-1,qalqala_samad,samad
2,-1,0,-1,-1,-1,-1,qalqala_samad,samad
2,-1,0,-1,-1,-1,-1,qalqala_samad,samad
2,-1,0,-1,-1,-1,-1,qalqala_samad,samad
2,-1,0,-1,-1,-1,-1,qalqala_samad,samad
2,-1,0,-1,-1,-1,-1,qalqala_samad,samad
2,-1,0,-1,-1,-1,-1,qalqala_samad,samad
2,-1,0,-1,-1,-1,-1,qalqala_samad,samad
2,-1,0,-1,-1,-1,-1,qalqala_samad,samad
2,-1,0,-1,-1,-1,-1,qalqala_samad,samad
2,-1,0,-1,-1,-1,-1,qalqala_samad,samad
2,-1,0,-1,-1,-1,-1,qalqala_samad,samad
2,-1,0,-1,-1,-1,-1,qalqala_samad,samad
2,-1,0,-1,-1,-1,-1,qalqala_samad,samad
2,-1,0,-1,-1,-1,-1,qalqala_samad,samad
2,-1,0,-1,-1,-1,-1,qalqala_samad,samad
2,-1,0,-1,-1,-1,-1,qalqala_samad,samad
2,-1,0,-1,-1,-1,-1,qalqala_samad,samad
2,-1,0,-1,-1,-1,-1,qalqala_samad,samad
2,-1,0,-1,-1,-1,-1,qalqala_samad,samad
2,-1,0,-1,-1,-1,-1,qalqala_samad,samad
2,-1,0,-1,-1,-1,-1,qalqala_samad,samad
2,-1,0,-1,-1,-1,-1,qalqala_samad,samad
2,-1,0,-1,-1,-1,-1,qalqala_samad,samad
2,-1,0,-1,-1,-1,-1,qalqala_samad,samad
2,-1,0,-1,-1,-1,-1,qalqala_samad,samad
2,-1,0,-1,-1,-1,-1,qalqala_samad,samad
2,-1,0,-1,-1,-1,-1,qalqala_samad,samad
2,-1,0,-1,-1,-1,-1,qalqala_samad,samad
2,-1,0,-1,-1,-1,-1,qalqala_samad,samad
2,-1,0,-1,-1,-1,-1,qalqala_samad,samad
2,-1,0,-1,-1,-1,-1,qalqala_samad,samad
2,-1,0,-1,-1,-1,-1,qalqala_samad,samad
2,-1,0,-1,-1,-1,-1,qalqala_samad,samad
2,-1,0,-1,-1,-1,-1,qalqala_samad,samad
2,-1,0,-1,-1,-1,-1,qalqala_samad,samad
2,-1,0,-1,-1,-1,-1,qalqala_samad,samad
2,-1,0,-1,-1,-1,-1,qalqala_samad,samad
2,-1,0,-1,-1,-1,-1,qalqala_samad,samad
2,-1,0,-1,-1,-1,-1,qalqala_samad,samad
2,-1,0,-1,-1,-1,-1,qalqala_samad,samad
2,-1,0,-1,-1,-1,-1,qalqala_samad,samad
2,-1,0,-1,-1,-1,-1,qalqala_samad,samad
2,-1,0,-1,-1,-1,-1,qalqala_samad,samad
2,-1,0,-1,-1,-1,-1,qalqala_samad,samad
2,-1,0,-1,-1,-1,-1,qalqala_samad,samad
2,-1,0,-1,-1,-1,-1,qalqala_samad,samad
2,-1,0,-1,-1,-1,-1,qalqala_samad,samad
2,-1,0,-1,-1,-1,-1,qalqala_samad,samad
2,-1,0,-1,-1,-1,-1,qalqala_samad,samad
2,-1,0,-1,-1,-1,-1,qalqala_samad,samad
2,-1,0,-1,-1,-1,-1,qalqala_samad,samad
2,-1,0,-1,-1,-1,-1,qalqala_samad,samad
2,-1,0,-1,-1,-1,-1,qalqala_samad,samad
2,-1,0,-1,-1,-1,-1,qalqala_samad,samad
2,-1,0,-1,-1,-1,-1,qalqala_samad,samad
2,-1,0,-1,-1,-1,-1,qalqala_samad,samad
2,-1,0,-1,-1,-1,-1,qalqala_samad,samad
2,-1,0,-1,-1,-1,-1,qalqala_samad,samad
2,-1,0,-1,-1,-1,-1,qalqala_samad,samad
2,-1,0,-1,-1,-1,-1,qalqala_samad,samad
2,-1,0,-1,-1,-1,-1,qalqala_samad,samad
2,-1,0,-1,-1,-1,-1,qalqala_samad,samad
2,-1,0,-1,-1,-1,-1,qalqala_samad,samad
2,-1,0,-1,-1,-1,-1,qalqala_samad,samad
2,-1,0,-1,-1,-1,-1,qalqala_samad,samad
2,-1,0,-1,-1,-1,-1,qalqala_samad,samad
2,-1,0,-1,-1,-1,-1,qalqala_samad,samad
2,-1,0,-1,-1,-1,-1,qalqala_samad,samad
2,-1,0,-1,-1,-1,-1,qalqala_samad,samad
2,-1,0,-1,-1,-1,-1,qalqala_samad,samad
2,-1,0,-1,-1,-1,-1,qalqala_samad,samad
2,-1,0,-1,-1,-1,-1,qalqala_samad,samad
2,-1,0,-1,-1,-1,-1,qalqala_samad,samad
2,-1,0,-1,-1,-1,-1,qalqala_samad,samad
2,-1,0,-1,-1,-1,-1,qalqala_samad,samad
2,-1,0,-1,-1,-1,-1,qalqala_samad,samad
2,-1,0,-1,-1,-1,-1,qalqala_samad,samad
2,-1,0,-1,-1,-1,-1,qalqala_samad,samad
2,-1,0,-1,-1,-1,-1,qalqala_samad,samad
2,-1,0,-1,-1,-1,-1,qalqala_samad,samad
2,-1,0,-1,-1,-1,-1,qalqala_samad,samad
2,-1,0,-1,-1,-1,-1,qalqala_samad,samad
2,-1,0,-1,-1,-1,-1,qalqala_samad,samad
2,-1,0,-1,-1,-1,-1,qalqala_samad,samad
2,-1,0,-1,-1,-1,-1,qalqala_samad,samad
2,-1,0,-1,-1,-1,-1,qalqala_samad,samad
2,-1,0,-1,-1,-1,-1,qalqala_samad,samad
2,-1,0,-1,-1,-1,-1,qalqala_samad,samad
2,-1,0,-1,-1,-1,-1,qalqala_samad,samad
2,-1,0,-1,-1,-1,-1,qalqala_samad,samad
2,-1,0,-1,-1,-1,-1,qalqala_samad,samad
2,-1,0,-1,-1,-1,-1,qalqala_samad,samad
2,-1,0,-1,-1,-1,-1,qalqala_samad,samad
2,-1,0,-1,-1,-1,-1,qalqala_samad,samad
2,-1,0,-1,-1,-1,-1,qalqala_samad,samad
2,-1,0,-1,-1,-1,-1,qalqala_samad,samad
2,-1,0,-1,-1,-1,-1,qalqala_samad,samad
2,-1,0,-1,-1,-1,-1,qalqala_samad,samad
2,-1,0,-1,-1,-1,-1,qalqala_samad,samad
2,-1,0,-1,-1,-1,-1,qalqala_samad,samad
2,-1,0,-1,-1,-1,-1,qalqala_samad,samad
2,-1,0,-1,-1,-1,-1,qalqala_samad,samad
2,-1,0,-1,-1,-1,-1,qalqala_samad,samad
2,-1,0,-1,-1,-1,-1,qalqala_samad,samad
2,-1,0,-1,-1,-1,-1,qalqala_samad,samad
2,-1,0,-1,-1,-1,-1,qalqala_samad,samad
2,-1,0,-1,-1,-1,-1,qalqala_samad,samad
2,-1,0,-1,-1,-1,-1,qalqala_samad,samad
2,-1,0,-1,-1,-1,-1,qalqala_samad,samad
2,-1,0,-1,-1,-1,-1,qalqala_samad,samad
2,-1,0,-1,-1,-1,-1,qalqala_samad,samad
2,-1,0,-1,-1,-1,-1,qalqala_samad,samad
2,-1,0,-1,-1,-1,-1,qalqala_samad,samad
2,-1,0,-1,-1,-1,-1,qalqala_samad,samad
2,-1,0,-1,-1,-1,-1,qalqala_samad,samad
2,-1,0,-1,-1,-1,-1,qalqala_samad,samad
2,-1,0,-1,-1,-1,-1,qalqala_samad,samad
2,-1,0,-1,-1,-1,-1,qalqala_samad,samad
2,-1,0,-1,-1,-1,-1,qalqala_samad,samad
2,-1,0,-1,-1,-1,-1,qalqala_samad,samad
2,-1,0,-1,-1,-1,-1,qalqala_samad,samad
2,-1,0,-1,-1,-1,-1,qalqala_samad,samad
2,-1,0,-1,-1,-1,-1,qalqala_samad,samad
2,-1,0,-1,-1,-1,-1,qalqala_samad,samad
2,-1,0,-1,-1,-1,-1,qalqala_samad,samad
2,-1,0,-1,-1,-1,-1,qalqala_samad,samad
2,-1,0,-1,-1,-1,-1,qalqala_samad,samad
2,-1,0,-1,-1,-1,-1,qalqala_samad,samad
2,-1,0,-1,-1,-1,-1,qalqala_samad,samad
2,-1,0,-1,-1,-1,-1,qalqala_samad,samad
2,-1,0,-1,-1,-1,-1,qalqala_samad,samad
2,-1,0,-1,-1,-1,-1,qalqala_samad,samad
2,-1,0,-1,-1,-1,-1,qalqala_samad,samad
2,-1,0,-1,-1,-1,-1,qalqala_samad,samad
2,-1,0,-1,-1,-1,-1,qalqala_samad,samad
2,-1,0,-1,-1,-1,-1,qalqala_samad,samad
2,-1,0,-1,-1,-1,-1,qalqala_samad,samad
2,-1,0,-1,-1,-1,-1,qalqala_samad,samad
2,-1,0,-1,-1,-1,-1,qalqala_samad,samad
2,-1,0,-1,-1,-1,-1,qalqala_samad,samad
2,-1,0,-1,-1,-1,-1,qalqala_samad,samad
2,-1,0,-1,-1,-1,-1,qalqala_samad,samad
2,-1,0,-1,-1,-1,-1,qalqala_samad,samad
2,-1,0,-1,-1,-1,-1,qalqala_samad,samad
2,-1,0,-1,-1,-1,-1,qalqala_samad,samad
2,-1,0,-1,-1,-1,-1,qalqala_samad,samad
2,-1,0,-1,-1,-1,-1,qalqala_samad,samad
2,-1,0,-1,-1,-1,-1,qalqala_samad,samad
2,-1,0,-1,-1,-1,-1,qalqala_samad,samad
2,-1,0,-1,-1,-1,-1,qalqala_samad,samad
2,-1,0,-1,-1,-1,-1,qalqala_samad,samad
2,-1,0,-1,-1,-1,-1,qalqala_samad,samad
2,-1,0,-1,-1,-1,-1,qalqala_samad,samad
2,-1,0,-1,-1,-1,-1,qalqala_samad,samad
2,-1,0,-1,-1,-1,-1,qalqala_samad,samad
2,-1,0,-1,-1,-1,-1,qalqala_samad,samad
2,-1,0,-1,-1,-1,-1,qalqala_samad,samad
2,-1,0,-1,-1,-1,-1,qalqala_samad,samad
2,-1,0,-1,-1,-1,-1,qalqala_samad,samad
2,-1,0,-1,-1,-1,-1,qalqala_samad,samad
2,-1,0,-1,-1,-1,-1,qalqala_samad,samad
2,-1,0,-1,-1,-1,-1,qalqala_samad,samad
2,-1,0,-1,-1,-1,-1,qalqala_samad,samad
2,-1,0,-1,-1,-1,-1,qalqala_samad,samad
2,-1,0,-1,-1,-1,-1,qalqala_samad,samad
2,-1,0,-1,-1,-1,-1,qalqala_samad,samad
2,-1,0,-1,-1,-1,-1,qalqala_samad,samad
2,-1,0,-1,-1,-1,-1,qalqala_samad,samad
2,-1,0,-1,-1,-1,-1,qalqala_samad,samad
2,-1,0,-1,-1,-1,-1,qalqala_samad,samad
2,-1,0,-1,-1,-1,-1,qalqala_samad,samad
2,-1,0,-1,-1,-1,-1,qalqala_samad,samad
2,-1,0,-1,-1,-1,-1,qalqala_samad,samad
2,-1,0,-1,-1,-1,-1,qalqala_samad,samad
2,-1,0,-1,-1,-1,-1,qalqala_samad,samad
2,-1,0,-1,-1,-1,-1,qalqala_samad,samad
2,-1,0,-1,-1,-1,-1,qalqala_samad,samad
2,-1,0,-1,-1,-1,-1,qalqala_samad,samad
2,-1,0,-1,-1,-1,-1,qalqala_samad,samad
3,-1,-1,0,1,-1,-1,qalqala_yalid,yalid
3,-1,-1,0,1,-1,-1,qalqala_yalid,yalid
3,-1,-1,0,1,-1,-1,qalqala_yalid,yalid
3,-1,-1,0,1,-1,-1,qalqala_yalid,yalid
3,-1,-1,0,1,-1,-1,qalqala_yalid,yalid
3,-1,-1,0,1,-1,-1,qalqala_yalid,yalid
3,-1,-1,0,1,-1,-1,qalqala_yalid,yalid
3,-1,-1,0,1,-1,-1,qalqala_yalid,yalid
3,-1,-1,0,1,-1,-1,qalqala_yalid,yalid
3,-1,-1,0,1,-1,-1,qalqala_yalid,yalid
3,-1,-1,0,1,-1,-1,qalqala_yalid,yalid
3,-1,-1,0,1,-1,-1,qalqala_yalid,yalid
3,-1,-1,0,1,-1,-1,qalqala_yalid,yalid
3,-1,-1,0,1,-1,-1,qalqala_yalid,yalid
3,-1,-1,0,1,-1,-1,qalqala_yalid,yalid
3,-1,-1,0,1,-1,-1,qalqala_yalid,yalid
3,-1,-1,0,1,-1,-1,qalqala_yalid,yalid
3,-1,-1,0,1,-1,-1,qalqala_yalid,yalid
3,-1,-1,0,1,-1,-1,qalqala_yalid,yalid
3,-1,-1,0,1,-1,-1,qalqala_yalid,yalid
3,-1,-1,0,1,-1,-1,qalqala_yalid,yalid
3,-1,-1,0,1,-1,-1,qalqala_yalid,yalid
3,-1,-1,0,1,-1,-1,qalqala_yalid,yalid
3,-1,-1,0,1,-1,-1,qalqala_yalid,yalid
3,-1,-1,0,1,-1,-1,qalqala_yalid,yalid
3,-1,-1,0,1,-1,-1,qalqala_yalid,yalid
3,-1,-1,0,1,-1,-1,qalqala_yalid,yalid
3,-1,-1,0,1,-1,-1,qalqala_yalid,yalid
3,-1,-1,0,1,-1,-1,qalqala_yalid,yalid
3,-1,-1,0,1,-1,-1,qalqala_yalid,yalid
3,-1,-1,0,1,-1,-1,qalqala_yalid,yalid
3,-1,-1,0,0,-1,-1,qalqala_yalid,yalid
3,-1,-1,0,0,-1,-1,qalqala_yalid,yalid
3,-1,-1,0,0,-1,-1,qalqala_yalid,yalid
3,-1,-1,0,0,-1,-1,qalqala_yalid,yalid
3,-1,-1,0,0,-1,-1,qalqala_yalid,yalid
3,-1,-1,0,0,-1,-1,qalqala_yalid,yalid
3,-1,-1,0,0,-1,-1,qalqala_yalid,yalid
3,-1,-1,0,0,-1,-1,qalqala_yalid,yalid
3,-1,-1,0,0,-1,-1,qalqala_yalid,yalid
3,-1,-1,0,0,-1,-1,qalqala_yalid,yalid
3,-1,-1,0,0,-1,-1,qalqala_yalid,yalid
3,-1,-1,0,0,-1,-1,qalqala_yalid,yalid
3,-1,-1,0,0,-1,-1,qalqala_yalid,yalid
3,-1,-1,0,0,-1,-1,qalqala_yalid,yalid
3,-1,-1,0,0,-1,-1,qalqala_yalid,yalid
3,-1,-1,0,0,-1,-1,qalqala_yalid,yalid
3,-1,-1,0,0,-1,-1,qalqala_yalid,yalid
3,-1,-1,0,0,-1,-1,qalqala_yalid,yalid
3,-1,-1,0,0,-1,-1,qalqala_yalid,yalid
3,-1,-1,0,0,-1,-1,qalqala_yalid,yalid
3,-1,-1,0,0,-1,-1,qalqala_yalid,yalid
3,-1,-1,0,0,-1,-1,qalqala_yalid,yalid
3,-1,-1,0,0,-1,-1,qalqala_yalid,yalid
3,-1,-1,0,0,-1,-1,qalqala_yalid,yalid
3,-1,-1,0,0,-1,-1,qalqala_yalid,yalid
3,-1,-1,0,0,-1,-1,qalqala_yalid,yalid
3,-1,-1,0,0,-1,-1,qalqala_yalid,yalid
3,-1,-1,0,0,-1,-1,qalqala_yalid,yalid
3,-1,-1,0,0,-1,-1,qalqala_yalid,yalid
3,-1,-1,0,0,-1,-1,qalqala_yalid,yalid
3,-1,-1,0,0,-1,-1,qalqala_yalid,yalid
3,-1,-1,0,0,-1,-1,qalqala_yalid,yalid
3,-1,-1,0,0,-1,-1,qalqala_yalid,yalid
3,-1,-1,0,0,-1,-1,qalqala_yalid,yalid
3,-1,-1,0,0,-1,-1,qalqala_yalid,yalid
3,-1,-1,0,0,-1,-1,qalqala_yalid,yalid
3,-1,-1,0,0,-1,-1,qalqala_yalid,yalid
3,-1,-1,0,0,-1,-1,qalqala_yalid,yalid
3,-1,-1,0,0,-1,-1,qalqala_yalid,yalid
3,-1,-1,0,0,-1,-1,qalqala_yalid,yalid
3,-1,-1,0,0,-1,-1,qalqala_yalid,yalid
3,-1,-1,0,0,-1,-1,qalqala_yalid,yalid
3,-1,-1,0,0,-1,-1,qalqala_yalid,yalid
3,-1,-1,0,0,-1,-1,qalqala_yalid,yalid
3,-1,-1,0,0,-1,-1,qalqala_yalid,yalid
3,-1,-1,0,0,-1,-1,qalqala_yalid,yalid
3,-1,-1,0,0,-1,-1,qalqala_yalid,yalid
3,-1,-1,0,0,-1,-1,qalqala_yalid,yalid
3,-1,-1,0,0,-1,-1,qalqala_yalid,yalid
3,-1,-1,0,0,-1,-1,qalqala_yalid,yalid
3,-1,-1,0,0,-1,-1,qalqala_yalid,yalid
3,-1,-1,0,0,-1,-1,qalqala_yalid,yalid
3,-1,-1,0,0,-1,-1,qalqala_yalid,yalid
3,-1,-1,0,0,-1,-1,qalqala_yalid,yalid
3,-1,-1,0,0,-1,-1,qalqala_yalid,yalid
3,-1,-1,0,0,-1,-1,qalqala_yalid,yalid
3,-1,-1,0,0,-1,-1,qalqala_yalid,yalid
3,-1,-1,0,0,-1,-1,qalqala_yalid,yalid
3,-1,-1,0,0,-1,-1,qalqala_yalid,yalid
3,-1,-1,0,0,-1,-1,qalqala_yalid,yalid
3,-1,-1,0,0,-1,-1,qalqala_yalid,yalid
3,-1,-1,0,0,-1,-1,qalqala_yalid,yalid
3,-1,-1,0,0,-1,-1,qalqala_yalid,yalid
3,-1,-1,0,0,-1,-1,qalqala_yalid,yalid
3,-1,-1,0,0,-1,-1,qalqala_yalid,yalid
3,-1,-1,0,0,-1,-1,qalqala_yalid,yalid
3,-1,-1,0,0,-1,-1,qalqala_yalid,yalid
3,-1,-1,0,0,-1,-1,qalqala_yalid,yalid
3,-1,-1,0,0,-1,-1,qalqala_yalid,yalid
3,-1,-1,0,0,-1,-1,qalqala_yalid,yalid
3,-1,-1,0,0,-1,-1,qalqala_yalid,yalid
3,-1,-1,0,0,-1,-1,qalqala_yalid,yalid
3,-1,-1,0,0,-1,-1,qalqala_yalid,yalid
3,-1,-1,0,0,-1,-1,qalqala_yalid,yalid
3,-1,-1,0,0,-1,-1,qalqala_yalid,yalid
3,-1,-1,0,0,-1,-1,qalqala_yalid,yalid
3,-1,-1,0,0,-1,-1,qalqala_yalid,yalid
3,-1,-1,0,0,-1,-1,qalqala_yalid,yalid
3,-1,-1,0,0,-1,-1,qalqala_yalid,yalid
3,-1,-1,0,0,-1,-1,qalqala_yalid,yalid
3,-1,-1,0,0,-1,-1,qalqala_yalid,yalid
3,-1,-1,0,0,-1,-1,qalqala_yalid,yalid
3,-1,-1,0,0,-1,-1,qalqala_yalid,yalid
3,-1,-1,0,0,-1,-1,qalqala_yalid,yalid
3,-1,-1,0,0,-1,-1,qalqala_yalid,yalid
3,-1,-1,0,0,-1,-1,qalqala_yalid,yalid
3,-1,-1,0,0,-1,-1,qalqala_yalid,yalid
3,-1,-1,0,0,-1,-1,qalqala_yalid,yalid
3,-1,-1,0,0,-1,-1,qalqala_yalid,yalid
3,-1,-1,0,0,-1,-1,qalqala_yalid,yalid
3,-1,-1,0,0,-1,-1,qalqala_yalid,yalid
3,-1,-1,0,0,-1,-1,qalqala_yalid,yalid
3,-1,-1,0,0,-1,-1,qalqala_yalid,yalid
3,-1,-1,0,0,-1,-1,qalqala_yalid,yalid
3,-1,-1,0,0,-1,-1,qalqala_yalid,yalid
3,-1,-1,0,0,-1,-1,qalqala_yalid,yalid
3,-1,-1,0,0,-1,-1,qalqala_yalid,yalid
3,-1,-1,0,0,-1,-1,qalqala_yalid,yalid
3,-1,-1,0,0,-1,-1,qalqala_yalid,yalid
3,-1,-1,0,0,-1,-1,qalqala_yalid,yalid
3,-1,-1,0,0,-1,-1,qalqala_yalid,yalid
3,-1,-1,0,0,-1,-1,qalqala_yalid,yalid
3,-1,-1,0,0,-1,-1,qalqala_yalid,yalid
3,-1,-1,0,0,-1,-1,qalqala_yalid,yalid
3,-1,-1,0,0,-1,-1,qalqala_yalid,yalid
3,-1,-1,0,0,-1,-1,qalqala_yalid,yalid
3,-1,-1,0,0,-1,-1,qalqala_yalid,yalid
3,-1,-1,0,0,-1,-1,qalqala_yalid,yalid
3,-1,-1,0,0,-1,-1,qalqala_yalid,yalid
3,-1,-1,0,0,-1,-1,qalqala_yalid,yalid
3,-1,-1,0,0,-1,-1,qalqala_yalid,yalid
3,-1,-1,0,0,-1,-1,qalqala_yalid,yalid
3,-1,-1,0,0,-1,-1,qalqala_yalid,yalid
3,-1,-1,0,0,-1,-1,qalqala_yalid,yalid
3,-1,-1,0,0,-1,-1,qalqala_yalid,yalid
3,-1,-1,0,0,-1,-1,qalqala_yalid,yalid
3,-1,-1,0,0,-1,-1,qalqala_yalid,yalid
3,-1,-1,0,0,-1,-1,qalqala_yalid,yalid
3,-1,-1,0,0,-1,-1,qalqala_yalid,yalid
3,-1,-1,0,0,-1,-1,qalqala_yalid,yalid
3,-1,-1,0,0,-1,-1,qalqala_yalid,yalid
3,-1,-1,0,0,-1,-1,qalqala_yalid,yalid
3,-1,-1,0,0,-1,-1,qalqala_yalid,yalid
3,-1,-1,0,0,-1,-1,qalqala_yalid,yalid
3,-1,-1,0,0,-1,-1,qalqala_yalid,yalid
3,-1,-1,0,0,-1,-1,qalqala_yalid,yalid
3,-1,-1,0,0,-1,-1,qalqala_yalid,yalid
3,-1,-1,0,0,-1,-1,qalqala_yalid,yalid
3,-1,-1,0,0,-1,-1,qalqala_yalid,yalid
3,-1,-1,0,0,-1,-1,qalqala_yalid,yalid
3,-1,-1,0,0,-1,-1,qalqala_yalid,yalid
3,-1,-1,0,0,-1,-1,qalqala_yalid,yalid
3,-1,-1,0,0,-1,-1,qalqala_yalid,yalid
3,-1,-1,0,0,-1,-1,qalqala_yalid,yalid
3,-1,-1,0,0,-1,-1,qalqala_yalid,yalid
3,-1,-1,0,0,-1,-1,qalqala_yalid,yalid
3,-1,-1,0,0,-1,-1,qalqala_yalid,yalid
3,-1,-1,0,0,-1,-1,qalqala_yalid,yalid
3,-1,-1,0,0,-1,-1,qalqala_yalid,yalid
3,-1,-1,0,0,-1,-1,qalqala_yalid,yalid
3,-1,-1,0,0,-1,-1,qalqala_yalid,yalid
3,-1,-1,0,0,-1,-1,qalqala_yalid,yalid
3,-1,-1,0,0,-1,-1,qalqala_yalid,yalid
3,-1,-1,0,0,-1,-1,qalqala_yalid,yalid
3,-1,-1,0,0,-1,-1,qalqala_yalid,yalid
3,-1,-1,0,0,-1,-1,qalqala_yalid,yalid
3,-1,-1,0,0,-1,-1,qalqala_yalid,yalid
3,-1,-1,0,0,-1,-1,qalqala_yalid,yalid
3,-1,-1,0,0,-1,-1,qalqala_yalid,yalid
3,-1,-1,0,0,-1,-1,qalqala_yalid,yalid
3,-1,-1,0,0,-1,-1,qalqala_yalid,yalid
3,-1,-1,0,0,-1,-1,qalqala_yalid,yalid
3,-1,-1,0,0,-1,-1,qalqala_yalid,yalid
3,-1,-1,0,0,-1,-1,qalqala_yalid,yalid
3,-1,-1,0,0,-1,-1,qalqala_yalid,yalid
3,-1,-1,0,0,-1,-1,qalqala_yalid,yalid
3,-1,-1,0,0,-1,-1,qalqala_yalid,yalid
3,-1,-1,0,0,-1,-1,qalqala_yalid,yalid
3,-1,-1,0,0,-1,-1,qalqala_yalid,yalid
3,-1,-1,0,0,-1,-1,qalqala_yalid,yalid
3,-1,-1,0,0,-1,-1,qalqala_yalid,yalid
3,-1,-1,0,0,-1,-1,qalqala_yalid,yalid
3,-1,-1,0,0,-1,-1,qalqala_yalid,yalid
3,-1,-1,0,0,-1,-1,qalqala_yalid,yalid
3,-1,-1,0,0,-1,-1,qalqala_yalid,yalid
3,-1,-1,0,0,-1,-1,qalqala_yalid,yalid
3,-1,-1,0,0,-1,-1,qalqala_yalid,yalid
3,-1,-1,0,0,-1,-1,qalqala_yalid,yalid
3,-1,-1,0,0,-1,-1,qalqala_yalid,yalid
3,-1,-1,0,0,-1,-1,qalqala_yalid,yalid
3,-1,-1,0,0,-1,-1,qalqala_yulad,yulad
3,-1,-1,0,0,-1,-1,qalqala_yulad,yulad
3,-1,-1,0,0,-1,-1,qalqala_yulad,yulad
3,-1,-1,0,0,-1,-1,qalqala_yulad,yulad
3,-1,-1,0,0,-1,-1,qalqala_yulad,yulad
3,-1,-1,0,0,-1,-1,qalqala_yulad,yulad
3,-1,-1,0,0,-1,-1,qalqala_yulad,yulad
3,-1,-1,0,0,-1,-1,qalqala_yulad,yulad
3,-1,-1,0,0,-1,-1,qalqala_yulad,yulad
3,-1,-1,0,0,-1,-1,qalqala_yulad,yulad
3,-1,-1,0,0,-1,-1,qalqala_yulad,yulad
3,-1,-1,0,0,-1,-1,qalqala_yulad,yulad
3,-1,-1,0,0,-1,-1,qalqala_yulad,yulad
3,-1,-1,0,0,-1,-1,qalqala_yulad,yulad
3,-1,-1,0,0,-1,-1,qalqala_yulad,yulad
3,-1,-1,0,0,-1,-1,qalqala_yulad,yulad
3,-1,-1,0,0,-1,-1,qalqala_yulad,yulad
3,-1,-1,0,0,-1,-1,qalqala_yulad,yulad
3,-1,-1,0,0,-1,-1,qalqala_yulad,yulad
3,-1,-1,0,0,-1,-1,qalqala_yulad,yulad
3,-1,-1,0,0,-1,-1,qalqala_yulad,yulad
3,-1,-1,0,0,-1,-1,qalqala_yulad,yulad
3,-1,-1,0,0,-1,-1,qalqala_yulad,yulad
3,-1,-1,0,0,-1,-1,qalqala_yulad,yulad
3,-1,-1,0,0,-1,-1,qalqala_yulad,yulad
3,-1,-1,0,0,-1,-1,qalqala_yulad,yulad
3,-1,-1,0,0,-1,-1,qalqala_yulad,yulad
3,-1,-1,0,0,-1,-1,qalqala_yulad,yulad
3,-1,-1,0,0,-1,-1,qalqala_yulad,yulad
3,-1,-1,0,0,-1,-1,qalqala_yulad,yulad
3,-1,-1,0,0,-1,-1,qalqala_yulad,yulad
3,-1,-1,0,0,-1,-1,qalqala_yulad,yulad
3,-1,-1,0,0,-1,-1,qalqala_yulad,yulad
3,-1,-1,0,0,-1,-1,qalqala_yulad,yulad
3,-1,-1,0,0,-1,-1,qalqala_yulad,yulad
3,-1,-1,0,0,-1,-1,qalqala_yulad,yulad
3,-1,-1,0,0,-1,-1,qalqala_yulad,yulad
3,-1,-1,0,0,-1,-1,qalqala_yulad,yulad
3,-1,-1,0,0,-1,-1,qalqala_yulad,yulad
3,-1,-1,0,0,-1,-1,qalqala_yulad,yulad
3,-1,-1,0,0,-1,-1,qalqala_yulad,yulad
3,-1,-1,0,0,-1,-1,qalqala_yulad,yulad
3,-1,-1,0,0,-1,-1,qalqala_yulad,yulad
3,-1,-1,0,0,-1,-1,qalqala_yulad,yulad
3,-1,-1,0,0,-1,-1,qalqala_yulad,yulad
3,-1,-1,0,0,-1,-1,qalqala_yulad,yulad
3,-1,-1,0,0,-1,-1,qalqala_yulad,yulad
3,-1,-1,0,0,-1,-1,qalqala_yulad,yulad
3,-1,-1,0,0,-1,-1,qalqala_yulad,yulad
3,-1,-1,0,0,-1,-1,qalqala_yulad,yulad
3,-1,-1,0,0,-1,-1,qalqala_yulad,yulad
3,-1,-1,0,0,-1,-1,qalqala_yulad,yulad
3,-1,-1,0,0,-1,-1,qalqala_yulad,yulad
3,-1,-1,0,0,-1,-1,qalqala_yulad,yulad
3,-1,-1,0,0,-1,-1,qalqala_yulad,yulad
3,-1,-1,0,0,-1,-1,qalqala_yulad,yulad
3,-1,-1,0,0,-1,-1,qalqala_yulad,yulad
3,-1,-1,0,0,-1,-1,qalqala_yulad,yulad
3,-1,-1,0,0,-1,-1,qalqala_yulad,yulad
3,-1,-1,0,0,-1,-1,qalqala_yulad,yulad
3,-1,-1,0,0,-1,-1,qalqala_yulad,yulad
3,-1,-1,0,0,-1,-1,qalqala_yulad,yulad
3,-1,-1,0,0,-1,-1,qalqala_yulad,yulad
3,-1,-1,0,0,-1,-1,qalqala_yulad,yulad
3,-1,-1,0,0,-1,-1,qalqala_yulad,yulad
3,-1,-1,0,0,-1,-1,qalqala_yulad,yulad
3,-1,-1,0,0,-1,-1,qalqala_yulad,yulad
3,-1,-1,0,0,-1,-1,qalqala_yulad,yulad
3,-1,-1,0,0,-1,-1,qalqala_yulad,yulad
3,-1,-1,0,0,-1,-1,qalqala_yulad,yulad
3,-1,-1,0,0,-1,-1,qalqala_yulad,yulad
3,-1,-1,0,0,-1,-1,qalqala_yulad,yulad
3,-1,-1,0,0,-1,-1,qalqala_yulad,yulad
3,-1,-1,0,0,-1,-1,qalqala_yulad,yulad
3,-1,-1,0,0,-1,-1,qalqala_yulad,yulad
3,-1,-1,0,0,-1,-1,qalqala_yulad,yulad
3,-1,-1,0,0,-1,-1,qalqala_yulad,yulad
3,-1,-1,0,0,-1,-1,qalqala_yulad,yulad
3,-1,-1,0,0,-1,-1,qalqala_yulad,yulad
3,-1,-1,0,0,-1,-1,qalqala_yulad,yulad
3,-1,-1,0,0,-1,-1,qalqala_yulad,yulad
3,-1,-1,0,0,-1,-1,qalqala_yulad,yulad
3,-1,-1,0,0,-1,-1,qalqala_yulad,yulad
3,-1,-1,0,0,-1,-1,qalqala_yulad,yulad
3,-1,-1,0,0,-1,-1,qalqala_yulad,yulad
3,-1,-1,0,0,-1,-1,qalqala_yulad,yulad
3,-1,-1,0,0,-1,-1,qalqala_yulad,yulad
3,-1,-1,0,0,-1,-1,qalqala_yulad,yulad
3,-1,-1,0,0,-1,-1,qalqala_yulad,yulad
3,-1,-1,0,0,-1,-1,qalqala_yulad,yulad
3,-1,-1,0,0,-1,-1,qalqala_yulad,yulad
3,-1,-1,0,0,-1,-1,qalqala_yulad,yulad
3,-1,-1,0,0,-1,-1,qalqala_yulad,yulad
3,-1,-1,0,0,-1,-1,qalqala_yulad,yulad
3,-1,-1,0,0,-1,-1,qalqala_yulad,yulad
3,-1,-1,0,0,-1,-1,qalqala_yulad,yulad
3,-1,-1,0,0,-1,-1,qalqala_yulad,yulad
3,-1,-1,0,0,-1,-1,qalqala_yulad,yulad
3,-1,-1,0,0,-1,-1,qalqala_yulad,yulad
3,-1,-1,0,0,-1,-1,qalqala_yulad,yulad
3,-1,-1,0,0,-1,-1,qalqala_yulad,yulad
3,-1,-1,0,0,-1,-1,qalqala_yulad,yulad
3,-1,-1,0,0,-1,-1,qalqala_yulad,yulad
3,-1,-1,0,0,-1,-1,qalqala_yulad,yulad
3,-1,-1,0,0,-1,-1,qalqala_yulad,yulad
3,-1,-1,0,0,-1,-1,qalqala_yulad,yulad
3,-1,-1,0,0,-1,-1,qalqala_yulad,yulad
3,-1,-1,0,0,-1,-1,qalqala_yulad,yulad
3,-1,-1,0,0,-1,-1,qalqala_yulad,yulad
3,-1,-1,0,0,-1,-1,qalqala_yulad,yulad
3,-1,-1,0,0,-1,-1,qalqala_yulad,yulad
3,-1,-1,0,0,-1,-1,qalqala_yulad,yulad
3,-1,-1,0,0,-1,-1,qalqala_yulad,yulad
3,-1,-1,0,0,-1,-1,qalqala_yulad,yulad
3,-1,-1,0,0,-1,-1,qalqala_yulad,yulad
3,-1,-1,0,0,-1,-1,qalqala_yulad,yulad
3,-1,-1,0,0,-1,-1,qalqala_yulad,yulad
3,-1,-1,0,0,-1,-1,qalqala_yulad,yulad
3,-1,-1,0,0,-1,-1,qalqala_yulad,yulad
3,-1,-1,0,0,-1,-1,qalqala_yulad,yulad
3,-1,-1,0,0,-1,-1,qalqala_yulad,yulad
3,-1,-1,0,0,-1,-1,qalqala_yulad,yulad
3,-1,-1,0,0,-1,-1,qalqala_yulad,yulad
3,-1,-1,0,0,-1,-1,qalqala_yulad,yulad
3,-1,-1,0,0,-1,-1,qalqala_yulad,yulad
3,-1,-1,0,0,-1,-1,qalqala_yulad,yulad
3,-1,-1,0,0,-1,-1,qalqala_yulad,yulad
3,-1,-1,0,0,-1,-1,qalqala_yulad,yulad
3,-1,-1,0,0,-1,-1,qalqala_yulad,yulad
3,-1,-1,0,0,-1,-1,qalqala_yulad,yulad
3,-1,-1,0,0,-1,-1,qalqala_yulad,yulad
3,-1,-1,0,0,-1,-1,qalqala_yulad,yulad
3,-1,-1,0,0,-1,-1,qalqala_yulad,yulad
3,-1,-1,0,0,-1,-1,qalqala_yulad,yulad
3,-1,-1,0,0,-1,-1,qalqala_yulad,yulad
3,-1,-1,0,0,-1,-1,qalqala_yulad,yulad
3,-1,-1,0,0,-1,-1,qalqala_yulad,yulad
3,-1,-1,0,0,-1,-1,qalqala_yulad,yulad
3,-1,-1,0,0,-1,-1,qalqala_yulad,yulad
3,-1,-1,0,0,-1,-1,qalqala_yulad,yulad
3,-1,-1,0,0,-1,-1,qalqala_yulad,yulad
3,-1,-1,0,0,-1,-1,qalqala_yulad,yulad
3,-1,-1,0,0,-1,-1,qalqala_yulad,yulad
3,-1,-1,0,0,-1,-1,qalqala_yulad,yulad
3,-1,-1,0,0,-1,-1,qalqala_yulad,yulad
3,-1,-1,0,0,-1,-1,qalqala_yulad,yulad
3,-1,-1,0,0,-1,-1,qalqala_yulad,yulad
3,-1,-1,0,0,-1,-1,qalqala_yulad,yulad
3,-1,-1,0,0,-1,-1,qalqala_yulad,yulad
3,-1,-1,0,0,-1,-1,qalqala_yulad,yulad
3,-1,-1,0,0,-1,-1,qalqala_yulad,yulad
3,-1,-1,0,0,-1,-1,qalqala_yulad,yulad
3,-1,-1,0,0,-1,-1,qalqala_yulad,yulad
3,-1,-1,0,0,-1,-1,qalqala_yulad,yulad
3,-1,-1,0,0,-1,-1,qalqala_yulad,yulad
3,-1,-1,0,0,-1,-1,qalqala_yulad,yulad
3,-1,-1,0,0,-1,-1,qalqala_yulad,yulad
3,-1,-1,0,0,-1,-1,qalqala_yulad,yulad
3,-1,-1,0,0,-1,-1,qalqala_yulad,yulad
3,-1,-1,0,0,-1,-1,qalqala_yulad,yulad
3,-1,-1,0,0,-1,-1,qalqala_yulad,yulad
3,-1,-1,0,0,-1,-1,qalqala_yulad,yulad
3,-1,-1,0,0,-1,-1,qalqala_yulad,yulad
3,-1,-1,0,0,-1,-1,qalqala_yulad,yulad
3,-1,-1,0,0,-1,-1,qalqala_yulad,yulad
3,-1,-1,0,0,-1,-1,qalqala_yulad,yulad
3,-1,-1,0,0,-1,-1,qalqala_yulad,yulad
3,-1,-1,0,0,-1,-1,qalqala_yulad,yulad
3,-1,-1,0,0,-1,-1,qalqala_yulad,yulad
3,-1,-1,0,0,-1,-1,qalqala_yulad,yulad
3,-1,-1,1,0,-1,-1,qalqala_yulad,yulad
3,-1,-1,1,0,-1,-1,qalqala_yulad,yulad
3,-1,-1,1,0,-1,-1,qalqala_yulad,yulad
3,-1,-1,1,0,-1,-1,qalqala_yulad,yulad
3,-1,-1,1,0,-1,-1,qalqala_yulad,yulad
3,-1,-1,1,0,-1,-1,qalqala_yulad,yulad
3,-1,-1,1,0,-1,-1,qalqala_yulad,yulad
3,-1,-1,1,0,-1,-1,qalqala_yulad,yulad
3,-1,-1,1,0,-1,-1,qalqala_yulad,yulad
3,-1,-1,1,0,-1,-1,qalqala_yulad,yulad
3,-1,-1,1,0,-1,-1,qalqala_yulad,yulad
3,-1,-1,1,0,-1,-1,qalqala_yulad,yulad
3,-1,-1,1,0,-1,-1,qalqala_yulad,yulad
3,-1,-1,1,0,-1,-1,qalqala_yulad,yulad
3,-1,-1,1,0,-1,-1,qalqala_yulad,yulad
3,-1,-1,1,0,-1,-1,qalqala_yulad,yulad
3,-1,-1,1,0,-1,-1,qalqala_yulad,yulad
3,-1,-1,1,0,-1,-1,qalqala_yulad,yulad
3,-1,-1,1,0,-1,-1,qalqala_yulad,yulad
3,-1,-1,1,0,-1,-1,qalqala_yulad,yulad
3,-1,-1,1,0,-1,-1,qalqala_yulad,yulad
3,-1,-1,1,0,-1,-1,qalqala_yulad,yulad
3,-1,-1,1,0,-1,-1,qalqala_yulad,yulad
4,-1,-1,-1,-1,0,0,qalqala_ahad_v4,ahad_v4
4,-1,-1,-1,-1,0,0,qalqala_ahad_v4,ahad_v4
4,-1,-1,-1,-1,0,0,qalqala_ahad_v4,ahad_v4
4,-1,-1,-1,-1,0,0,qalqala_ahad_v4,ahad_v4
4,-1,-1,-1,-1,0,0,qalqala_ahad_v4,ahad_v4
4,-1,-1,-1,-1,0,0,qalqala_ahad_v4,ahad_v4
4,-1,-1,-1,-1,0,0,qalqala_ahad_v4,ahad_v4
4,-1,-1,-1,-1,0,0,qalqala_ahad_v4,ahad_v4
4,-1,-1,-1,-1,0,0,qalqala_ahad_v4,ahad_v4
4,-1,-1,-1,-1,0,0,qalqala_ahad_v4,ahad_v4
4,-1,-1,-1,-1,0,0,qalqala_ahad_v4,ahad_v4
4,-1,-1,-1,-1,0,0,qalqala_ahad_v4,ahad_v4
4,-1,-1,-1,-1,0,0,qalqala_ahad_v4,ahad_v4
4,-1,-1,-1,-1,0,0,qalqala_ahad_v4,ahad_v4
4,-1,-1,-1,-1,0,0,qalqala_ahad_v4,ahad_v4
4,-1,-1,-1,-1,0,0,qalqala_ahad_v4,ahad_v4
4,-1,-1,-1,-1,0,0,qalqala_ahad_v4,ahad_v4
4,-1,-1,-1,-1,0,0,qalqala_ahad_v4,ahad_v4
4,-1,-1,-1,-1,0,0,qalqala_ahad_v4,ahad_v4
4,-1,-1,-1,-1,0,0,qalqala_ahad_v4,ahad_v4
4,-1,-1,-1,-1,0,0,qalqala_ahad_v4,ahad_v4
4,-1,-1,-1,-1,0,0,qalqala_ahad_v4,ahad_v4
4,-1,-1,-1,-1,0,0,qalqala_ahad_v4,ahad_v4
4,-1,-1,-1,-1,0,0,qalqala_ahad_v4,ahad_v4
4,-1,-1,-1,-1,0,0,qalqala_ahad_v4,ahad_v4
4,-1,-1,-1,-1,0,0,qalqala_ahad_v4,ahad_v4
4,-1,-1,-1,-1,0,0,qalqala_ahad_v4,ahad_v4
4,-1,-1,-1,-1,0,0,qalqala_ahad_v4,ahad_v4
4,-1,-1,-1,-1,0,0,qalqala_ahad_v4,ahad_v4
4,-1,-1,-1,-1,0,0,qalqala_ahad_v4,ahad_v4
4,-1,-1,-1,-1,0,0,qalqala_ahad_v4,ahad_v4
4,-1,-1,-1,-1,0,0,qalqala_ahad_v4,ahad_v4
4,-1,-1,-1,-1,0,0,qalqala_ahad_v4,ahad_v4
4,-1,-1,-1,-1,0,0,qalqala_ahad_v4,ahad_v4
4,-1,-1,-1,-1,0,0,qalqala_ahad_v4,ahad_v4
4,-1,-1,-1,-1,0,0,qalqala_ahad_v4,ahad_v4
4,-1,-1,-1,-1,0,0,qalqala_ahad_v4,ahad_v4
4,-1,-1,-1,-1,0,0,qalqala_ahad_v4,ahad_v4
4,-1,-1,-1,-1,0,0,qalqala_ahad_v4,ahad_v4
4,-1,-1,-1,-1,0,0,qalqala_ahad_v4,ahad_v4
4,-1,-1,-1,-1,0,0,qalqala_ahad_v4,ahad_v4
4,-1,-1,-1,-1,0,0,qalqala_ahad_v4,ahad_v4
4,-1,-1,-1,-1,0,0,qalqala_ahad_v4,ahad_v4
4,-1,-1,-1,-1,0,0,qalqala_ahad_v4,ahad_v4
4,-1,-1,-1,-1,0,0,qalqala_ahad_v4,ahad_v4
4,-1,-1,-1,-1,0,0,qalqala_ahad_v4,ahad_v4
4,-1,-1,-1,-1,0,0,qalqala_ahad_v4,ahad_v4
4,-1,-1,-1,-1,0,0,qalqala_ahad_v4,ahad_v4
4,-1,-1,-1,-1,0,0,qalqala_ahad_v4,ahad_v4
4,-1,-1,-1,-1,0,0,qalqala_ahad_v4,ahad_v4
4,-1,-1,-1,-1,0,0,qalqala_ahad_v4,ahad_v4
4,-1,-1,-1,-1,0,0,qalqala_ahad_v4,ahad_v4
4,-1,-1,-1,-1,0,0,qalqala_ahad_v4,ahad_v4
4,-1,-1,-1,-1,0,0,qalqala_ahad_v4,ahad_v4
4,-1,-1,-1,-1,0,0,qalqala_ahad_v4,ahad_v4
4,-1,-1,-1,-1,0,0,qalqala_ahad_v4,ahad_v4
4,-1,-1,-1,-1,0,0,qalqala_ahad_v4,ahad_v4
4,-1,-1,-1,-1,0,0,qalqala_ahad_v4,ahad_v4
4,-1,-1,-1,-1,0,0,qalqala_ahad_v4,ahad_v4
4,-1,-1,-1,-1,0,0,qalqala_ahad_v4,ahad_v4
4,-1,-1,-1,-1,0,0,qalqala_ahad_v4,ahad_v4
4,-1,-1,-1,-1,0,0,qalqala_ahad_v4,ahad_v4
4,-1,-1,-1,-1,0,0,qalqala_ahad_v4,ahad_v4
4,-1,-1,-1,-1,0,0,qalqala_ahad_v4,ahad_v4
4,-1,-1,-1,-1,0,0,qalqala_ahad_v4,ahad_v4
4,-1,-1,-1,-1,0,0,qalqala_ahad_v4,ahad_v4
4,-1,-1,-1,-1,0,0,qalqala_ahad_v4,ahad_v4
4,-1,-1,-1,-1,0,0,qalqala_ahad_v4,ahad_v4
4,-1,-1,-1,-1,0,0,qalqala_ahad_v4,ahad_v4
4,-1,-1,-1,-1,0,0,qalqala_ahad_v4,ahad_v4
4,-1,-1,-1,-1,0,0,qalqala_ahad_v4,ahad_v4
4,-1,-1,-1,-1,0,0,qalqala_ahad_v4,ahad_v4
4,-1,-1,-1,-1,0,0,qalqala_ahad_v4,ahad_v4
4,-1,-1,-1,-1,0,0,qalqala_ahad_v4,ahad_v4
4,-1,-1,-1,-1,0,0,qalqala_ahad_v4,ahad_v4
4,-1,-1,-1,-1,0,0,qalqala_ahad_v4,ahad_v4
4,-1,-1,-1,-1,0,0,qalqala_ahad_v4,ahad_v4
4,-1,-1,-1,-1,0,0,qalqala_ahad_v4,ahad_v4
4,-1,-1,-1,-1,0,0,qalqala_ahad_v4,ahad_v4
4,-1,-1,-1,-1,0,0,qalqala_ahad_v4,ahad_v4
4,-1,-1,-1,-1,0,0,qalqala_ahad_v4,ahad_v4
4,-1,-1,-1,-1,0,0,qalqala_ahad_v4,ahad_v4
4,-1,-1,-1,-1,0,0,qalqala_ahad_v4,ahad_v4
4,-1,-1,-1,-1,0,0,qalqala_ahad_v4,ahad_v4
4,-1,-1,-1,-1,0,0,qalqala_ahad_v4,ahad_v4
4,-1,-1,-1,-1,0,0,qalqala_ahad_v4,ahad_v4
4,-1,-1,-1,-1,0,0,qalqala_ahad_v4,ahad_v4
4,-1,-1,-1,-1,0,0,qalqala_ahad_v4,ahad_v4
4,-1,-1,-1,-1,0,0,qalqala_ahad_v4,ahad_v4
4,-1,-1,-1,-1,0,0,qalqala_ahad_v4,ahad_v4
4,-1,-1,-1,-1,0,0,qalqala_ahad_v4,ahad_v4
4,-1,-1,-1,-1,0,0,qalqala_ahad_v4,ahad_v4
4,-1,-1,-1,-1,0,0,qalqala_ahad_v4,ahad_v4
4,-1,-1,-1,-1,0,0,qalqala_ahad_v4,ahad_v4
4,-1,-1,-1,-1,0,0,qalqala_ahad_v4,ahad_v4
4,-1,-1,-1,-1,0,0,qalqala_ahad_v4,ahad_v4
4,-1,-1,-1,-1,0,0,qalqala_ahad_v4,ahad_v4
4,-1,-1,-1,-1,0,0,qalqala_ahad_v4,ahad_v4
4,-1,-1,-1,-1,0,0,qalqala_ahad_v4,ahad_v4
4,-1,-1,-1,-1,0,0,qalqala_ahad_v4,ahad_v4
4,-1,-1,-1,-1,0,0,qalqala_ahad_v4,ahad_v4
4,-1,-1,-1,-1,0,0,qalqala_ahad_v4,ahad_v4
4,-1,-1,-1,-1,0,0,qalqala_ahad_v4,ahad_v4
4,-1,-1,-1,-1,0,0,qalqala_ahad_v4,ahad_v4
4,-1,-1,-1,-1,0,0,qalqala_ahad_v4,ahad_v4
4,-1,-1,-1,-1,0,0,qalqala_ahad_v4,ahad_v4
4,-1,-1,-1,-1,0,0,qalqala_ahad_v4,ahad_v4
4,-1,-1,-1,-1,0,0,qalqala_ahad_v4,ahad_v4
4,-1,-1,-1,-1,0,0,qalqala_ahad_v4,ahad_v4
4,-1,-1,-1,-1,0,0,qalqala_ahad_v4,ahad_v4
4,-1,-1,-1,-1,0,0,qalqala_ahad_v4,ahad_v4
4,-1,-1,-1,-1,0,0,qalqala_ahad_v4,ahad_v4
4,-1,-1,-1,-1,0,0,qalqala_ahad_v4,ahad_v4
4,-1,-1,-1,-1,0,0,qalqala_ahad_v4,ahad_v4
4,-1,-1,-1,-1,0,0,qalqala_ahad_v4,ahad_v4
4,-1,-1,-1,-1,0,0,qalqala_ahad_v4,ahad_v4
4,-1,-1,-1,-1,0,0,qalqala_ahad_v4,ahad_v4
4,-1,-1,-1,-1,0,0,qalqala_ahad_v4,ahad_v4
4,-1,-1,-1,-1,0,0,qalqala_ahad_v4,ahad_v4
4,-1,-1,-1,-1,0,0,qalqala_ahad_v4,ahad_v4
4,-1,-1,-1,-1,0,0,qalqala_ahad_v4,ahad_v4
4,-1,-1,-1,-1,0,0,qalqala_ahad_v4,ahad_v4
4,-1,-1,-1,-1,0,0,qalqala_ahad_v4,ahad_v4
4,-1,-1,-1,-1,0,0,qalqala_ahad_v4,ahad_v4
4,-1,-1,-1,-1,0,0,qalqala_ahad_v4,ahad_v4
4,-1,-1,-1,-1,0,0,qalqala_ahad_v4,ahad_v4
4,-1,-1,-1,-1,0,0,qalqala_ahad_v4,ahad_v4
4,-1,-1,-1,-1,0,0,qalqala_ahad_v4,ahad_v4
4,-1,-1,-1,-1,0,0,qalqala_ahad_v4,ahad_v4
4,-1,-1,-1,-1,0,0,qalqala_ahad_v4,ahad_v4
4,-1,-1,-1,-1,0,0,qalqala_ahad_v4,ahad_v4
4,-1,-1,-1,-1,0,0,qalqala_ahad_v4,ahad_v4
4,-1,-1,-1,-1,0,0,qalqala_ahad_v4,ahad_v4
4,-1,-1,-1,-1,0,0,qalqala_ahad_v4,ahad_v4
4,-1,-1,-1,-1,0,0,qalqala_ahad_v4,ahad_v4
4,-1,-1,-1,-1,0,0,qalqala_ahad_v4,ahad_v4
4,-1,-1,-1,-1,0,0,qalqala_ahad_v4,ahad_v4
4,-1,-1,-1,-1,0,0,qalqala_ahad_v4,ahad_v4
4,-1,-1,-1,-1,0,0,qalqala_ahad_v4,ahad_v4
4,-1,-1,-1,-1,0,0,qalqala_ahad_v4,ahad_v4
4,-1,-1,-1,-1,0,0,qalqala_ahad_v4,ahad_v4
4,-1,-1,-1,-1,0,1,qalqala_ahad_v4,ahad_v4
4,-1,-1,-1,-1,0,1,qalqala_ahad_v4,ahad_v4
4,-1,-1,-1,-1,0,1,qalqala_ahad_v4,ahad_v4
4,-1,-1,-1,-1,0,1,qalqala_ahad_v4,ahad_v4
4,-1,-1,-1,-1,0,1,qalqala_ahad_v4,ahad_v4
4,-1,-1,-1,-1,0,1,qalqala_ahad_v4,ahad_v4
4,-1,-1,-1,-1,0,1,qalqala_ahad_v4,ahad_v4
4,-1,-1,-1,-1,0,0,qalqala_ahad_v4,ahad_v4
4,-1,-1,-1,-1,0,0,qalqala_ahad_v4,ahad_v4
4,-1,-1,-1,-1,0,0,qalqala_ahad_v4,ahad_v4
4,-1,-1,-1,-1,0,0,qalqala_ahad_v4,ahad_v4
4,-1,-1,-1,-1,0,0,qalqala_ahad_v4,ahad_v4
4,-1,-1,-1,-1,0,0,qalqala_ahad_v4,ahad_v4
4,-1,-1,-1,-1,0,0,qalqala_ahad_v4,ahad_v4
4,-1,-1,-1,-1,0,0,qalqala_ahad_v4,ahad_v4
4,-1,-1,-1,-1,0,1,qalqala_ahad_v4,ahad_v4
4,-1,-1,-1,-1,0,1,qalqala_ahad_v4,ahad_v4
4,-1,-1,-1,-1,0,1,qalqala_ahad_v4,ahad_v4
4,-1,-1,-1,-1,0,1,qalqala_ahad_v4,ahad_v4
4,-1,-1,-1,-1,0,1,qalqala_ahad_v4,ahad_v4
4,-1,-1,-1,-1,0,1,qalqala_ahad_v4,ahad_v4
4,-1,-1,-1,-1,0,1,qalqala_ahad_v4,ahad_v4
4,-1,-1,-1,-1,0,1,qalqala_ahad_v4,ahad_v4
4,-1,-1,-1,-1,0,1,qalqala_ahad_v4,ahad_v4
4,-1,-1,-1,-1,0,1,qalqala_ahad_v4,ahad_v4
4,-1,-1,-1,-1,0,1,qalqala_ahad_v4,ahad_v4
4,-1,-1,-1,-1,0,1,qalqala_ahad_v4,ahad_v4
4,-1,-1,-1,-1,0,1,qalqala_ahad_v4,ahad_v4
4,-1,-1,-1,-1,0,1,qalqala_ahad_v4,ahad_v4
4,-1,-1,-1,-1,0,1,qalqala_ahad_v4,ahad_v4
4,-1,-1,-1,-1,0,1,qalqala_ahad_v4,ahad_v4
4,-1,-1,-1,-1,0,1,qalqala_ahad_v4,ahad_v4
4,-1,-1,-1,-1,0,1,qalqala_ahad_v4,ahad_v4
4,-1,-1,-1,-1,0,1,qalqala_ahad_v4,ahad_v4
4,-1,-1,-1,-1,0,1,qalqala_ahad_v4,ahad_v4
4,-1,-1,-1,-1,0,1,qalqala_ahad_v4,ahad_v4
4,-1,-1,-1,-1,0,1,qalqala_ahad_v4,ahad_v4
4,-1,-1,-1,-1,0,1,qalqala_ahad_v4,ahad_v4
4,-1,-1,-1,-1,0,1,qalqala_ahad_v4,ahad_v4
4,-1,-1,-1,-1,0,1,qalqala_ahad_v4,ahad_v4
4,-1,-1,-1,-1,0,1,qalqala_ahad_v4,ahad_v4
4,-1,-1,-1,-1,0,1,qalqala_ahad_v4,ahad_v4
4,-1,-1,-1,-1,0,1,qalqala_ahad_v4,ahad_v4
4,-1,-1,-1,-1,0,1,qalqala_ahad_v4,ahad_v4
4,-1,-1,-1,-1,0,1,qalqala_ahad_v4,ahad_v4
4,-1,-1,-1,-1,0,1,qalqala_ahad_v4,ahad_v4
4,-1,-1,-1,-1,0,1,qalqala_ahad_v4,ahad_v4
4,-1,-1,-1,-1,0,1,qalqala_ahad_v4,ahad_v4
4,-1,-1,-1,-1,0,1,qalqala_ahad_v4,ahad_v4
4,-1,-1,-1,-1,0,1,qalqala_ahad_v4,ahad_v4
4,-1,-1,-1,-1,0,1,qalqala_ahad_v4,ahad_v4
4,-1,-1,-1,-1,0,1,qalqala_ahad_v4,ahad_v4
4,-1,-1,-1,-1,0,1,qalqala_ahad_v4,ahad_v4
4,-1,-1,-1,-1,0,1,qalqala_ahad_v4,ahad_v4
4,-1,-1,-1,-1,0,1,qalqala_ahad_v4,ahad_v4
4,-1,-1,-1,-1,0,1,qalqala_ahad_v4,ahad_v4
4,-1,-1,-1,-1,0,1,qalqala_ahad_v4,ahad_v4
4,-1,-1,-1,-1,0,1,qalqala_ahad_v4,ahad_v4
4,-1,-1,-1,-1,0,1,qalqala_ahad_v4,ahad_v4
4,-1,-1,-1,-1,0,1,qalqala_ahad_v4,ahad_v4
4,-1,-1,-1,-1,0,1,qalqala_ahad_v4,ahad_v4
4,-1,-1,-1,-1,0,1,qalqala_ahad_v4,ahad_v4
4,-1,-1,-1,-1,0,1,qalqala_ahad_v4,ahad_v4
4,-1,-1,-1,-1,0,1,qalqala_ahad_v4,ahad_v4
4,-1,-1,-1,-1,0,1,qalqala_ahad_v4,ahad_v4
4,-1,-1,-1,-1,0,1,qalqala_ahad_v4,ahad_v4
4,-1,-1,-1,-1,0,1,qalqala_ahad_v4,ahad_v4
4,-1,-1,-1,-1,0,1,qalqala_ahad_v4,ahad_v4
4,-1,-1,-1,-1,0,1,qalqala_ahad_v4,ahad_v4
4,-1,-1,-1,-1,0,1,qalqala_ahad_v4,ahad_v4
4,-1,-1,-1,-1,0,1,qalqala_ahad_v4,ahad_v4
4,-1,-1,-1,-1,0,1,qalqala_ahad_v4,ahad_v4
4,-1,-1,-1,-1,0,1,qalqala_ahad_v4,ahad_v4
4,-1,-1,-1,-1,0,1,qalqala_ahad_v4,ahad_v4
4,-1,-1,-1,-1,0,1,qalqala_ahad_v4,ahad_v4
4,-1,-1,-1,-1,0,1,qalqala_ahad_v4,ahad_v4
4,-1,-1,-1,-1,0,1,qalqala_ahad_v4,ahad_v4
4,-1,-1,-1,-1,0,1,qalqala_ahad_v4,ahad_v4
